{
  "aggregate": {
    "avgP95": 7.87,
    "totalErrors": 0
  },
  "iterations": 5,
  "scenarios": [
    {
      "errors": [],
      "metrics": {
        "avg": 13.04,
        "errors": 0,
        "max": 24.55,
        "p95": 22.95,
        "throughputRps": 266.28
      },
      "name": "search-hybrid",
      "samples": [
        13.847207999999833,
        13.92129200000003,
        11.867749999999955,
        10.380499999999904,
        8.828832999999925,
        21.777125000000062,
        12.33216700000006,
        9.640542000000085,
        9.921166999999897,
        9.811541000000146,
        24.548542000000005,
        15.44533299999995,
        10.145124999999977,
        9.089874999999914,
        9.471832999999874,
        22.869416999999892,
        16.375999999999948,
        9.770250000000091,
        9.419457999999992,
        11.402416999999998
      ]
    },
    {
      "errors": [],
      "metrics": {
        "avg": 2.25,
        "errors": 0,
        "max": 2.8,
        "p95": 2.78,
        "throughputRps": 1253.58
      },
      "name": "eco-search",
      "samples": [
        2.2942079999999088,
        2.0525829999999967,
        2.509375000000036,
        2.3542079999998577,
        1.9974999999998744,
        2.0930000000001225,
        2.0902920000001046,
        2.7841669999999485,
        1.7454589999998937,
        2.207459000000078,
        2.026166999999912,
        2.1482500000000737,
        2.7966660000000587,
        1.8737090000000567,
        2.1588750000001156,
        2.375500000000086,
        2.6112910000000156,
        2.5520409999999494,
        1.7810000000000326,
        2.575709000000037
      ]
    },
    {
      "errors": [],
      "metrics": {
        "avg": 2.88,
        "errors": 0,
        "max": 4.37,
        "p95": 3.91,
        "throughputRps": 1038.69
      },
      "name": "rerank",
      "samples": [
        3.3953749999999783,
        2.5421250000001727,
        2.728041999999986,
        3.216833999999835,
        1.8551250000000685,
        3.1649999999998624,
        2.627500000000005,
        2.7821250000001907,
        3.099916000000036,
        2.4358749999999763,
        4.366542000000084,
        2.30087499999998,
        2.5572089999998937,
        3.325540999999932,
        2.213958000000016,
        3.8864590000000643,
        3.542249999999969,
        3.192542000000076,
        2.6135419999999687,
        1.7132499999998885
      ]
    },
    {
      "errors": [],
      "metrics": {
        "avg": 2.74,
        "errors": 0,
        "max": 3.99,
        "p95": 3.3,
        "throughputRps": 1093.12
      },
      "name": "evidence",
      "samples": [
        2.8056659999999845,
        2.847500000000114,
        2.8230419999999423,
        2.0547079999999607,
        2.49287499999995,
        2.121291999999997,
        2.729624999999958,
        3.2674169999999947,
        2.057207999999866,
        2.8619159999998534,
        3.1855000000000633,
        2.7792079999999775,
        2.948374999999892,
        2.442916999999989,
        2.7858750000000487,
        3.9875410000000944,
        3.233791000000208,
        2.636790999999805,
        2.468083000000121,
        2.2799580000001374
      ]
    },
    {
      "errors": [],
      "metrics": {
        "avg": 2.32,
        "errors": 0,
        "max": 3.5,
        "p95": 3.44,
        "throughputRps": 1218.2
      },
      "name": "msgs-skill-expand",
      "samples": [
        2.5502920000000096,
        2.013833999999992,
        1.7105000000001702,
        2.4357079999999254,
        2.0907910000000918,
        2.537624999999988,
        2.385540999999991,
        1.619832999999904,
        2.356041999999947,
        2.134915999999931,
        3.441541000000159,
        2.2355839999999016,
        1.9919999999999938,
        2.4875840000000426,
        1.8637919999999752,
        3.4952910000001225,
        2.603415999999914,
        2.7857920000000647,
        2.4164170000000595,
        1.2390409999998298
      ]
    },
    {
      "errors": [],
      "metrics": {
        "avg": 4.32,
        "errors": 0,
        "max": 12.55,
        "p95": 10.82,
        "throughputRps": 728.34
      },
      "name": "msgs-role-template",
      "samples": [
        2.9797499999999477,
        5.914332999999994,
        2.494749999999879,
        2.717999999999998,
        3.406041000000082,
        10.724500000000026,
        2.0753749999999904,
        4.07687499999998,
        2.2416670000000583,
        2.412042000000003,
        4.336541000000027,
        9.524915999999939,
        3.451000000000093,
        2.9105410000000997,
        3.1378330000000343,
        12.553542000000029,
        2.576166000000102,
        2.943166000000108,
        2.7536659999998214,
        3.0922909999999693
      ]
    }
  ],
  "tenant": "tenant-alpha",
  "users": 4
}