{"last_index": 29138, "timestamp": "2025-09-08T07:00:12.343126", "processed": 1198, "failed": 1156, "rate_per_minute": 1.6622430187330233, "cpu_percent": 44.2, "memory_percent": 77.6}