{
  "batch_size": 100,
  "processed": 73,
  "failed": 0,
  "duration_seconds": 1512.96377,
  "avg_time_per_candidate": 20.72549753972929,
  "avg_file_size": 4842.123287671233,
  "file_sizes": [
    4041,
    3723,
    4303,
    4696,
    4828,
    5665,
    5633,
    5485,
    4262,
    4457,
    4836,
    4025,
    5058,
    4986,
    4518,
    4872,
    4673,
    5065,
    5520,
    4580,
    4589,
    5013,
    4672,
    4418,
    5559,
    5143,
    5087,
    4884,
    4741,
    4580,
    3505,
    5202,
    5132,
    4169,
    4743,
    6597,
    5794,
    4137,
    4891,
    3989,
    4211,
    4243,
    4799,
    5678,
    4913,
    4185,
    4098,
    3939,
    4717,
    4042,
    5366,
    3970,
    6861,
    5052,
    5698,
    6002,
    5494,
    4681,
    5751,
    5654,
    4231,
    5057,
    4829,
    5153,
    5031,
    4825,
    4670,
    4462,
    4507,
    4998,
    4461,
    5433,
    4393
  ],
  "processing_times": [
    18.70381212234497,
    16.091357946395874,
    18.66618537902832,
    19.743046283721924,
    20.77654790878296,
    23.88573408126831,
    23.231629848480225,
    24.48049306869507,
    18.798650979995728,
    18.76656174659729,
    19.49187994003296,
    17.213860750198364,
    22.051066160202026,
    21.395097732543945,
    19.19377303123474,
    23.763394117355347,
    18.518593072891235,
    26.722423791885376,
    24.234508752822876,
    19.288645029067993,
    19.81301999092102,
    22.157909870147705,
    19.6247718334198,
    18.132750988006592,
    23.545229196548462,
    21.392953157424927,
    23.226404190063477,
    20.956650018692017,
    20.62734079360962,
    20.2117178440094,
    15.36078405380249,
    19.12915873527527,
    21.36149501800537,
    17.671164751052856,
    18.8926260471344,
    26.801993131637573,
    24.037641048431396,
    17.091889142990112,
    19.97851061820984,
    17.39029312133789,
    17.884666204452515,
    16.847084999084473,
    20.066985845565796,
    24.89275097846985,
    20.623997926712036,
    16.915652990341187,
    18.085981845855713,
    16.672906160354614,
    19.330286741256714,
    18.323904037475586,
    24.223905086517334,
    17.141237020492554,
    31.8072509765625,
    23.201069116592407,
    23.40179991722107,
    23.982593059539795,
    23.16564106941223,
    19.869063138961792,
    23.779728174209595,
    24.202696084976196,
    18.91369915008545,
    24.010924100875854,
    20.483524084091187,
    21.800450086593628,
    19.472799062728882,
    18.903910875320435,
    20.024797916412354,
    19.12464427947998,
    17.856210947036743,
    21.49783706665039,
    20.177191019058228,
    24.212821006774902,
    19.641744136810303
  ],
  "timestamp": "2025-09-08T11:15:39.693761"
}