{"last_index": 8300, "timestamp": "2025-09-08T07:00:08.066419", "processed": 5612, "failed": 2688, "threads": 8, "performance": {"candidates_per_minute": 7.743106355563041, "cpu_usage": 44.3, "memory_usage": 79.4}}